Id_ref,jaccard,match,norm_title_str
ID143,"{'id': '', 'value': 'solr'}",false,diefragederlaienanalyseunterredungmiteinemunparteiischen
ID172,"{'id': '', 'value': 'solr'}",false,eliasnorbertscotsonjohnl
ID13,"{'id': 'ubk-opac-HL007626813', 'value': 'solr'}",true,journalofhivaidspreventioninchildrenandyouth
ID198,"{'id': '', 'value': 'solr'}",false,logikoderpsychologiederforschungindersdieentstehungdesneuenstudienzurstrukturderwissenschaftsgeschichte
ID139,"{'id': 'gesis-bib-6380', 'value': 'solr'}",true,diefabrikationvonerkenntnis
ID142,"{'id': 'fes-bib-686245', 'value': 0.63078840444423412}",false,theoryofeconomicdevelopment
ID202,"{'id': 'csa-pais-1935-20922', 'value': 0.68899974863738478}",false,mindselfandsocietyfromthestandpointofasocialbehaviorist
ID11,"{'id': 'wzb-bib-65560', 'value': 0.91481610549542935}",true,atheoryofcognitivedissonance
ID119,"{'id': 'csa-sa-196200659', 'value': 0.59751602340445287}",false,thepresentationofselfineverydaylife
ID101,"{'id': 'csa-sa-196200659', 'value': 0.59751602340445287}",false,thepresentationofselfineverydaylife
ID90,"{'id': 'csa-pais-1961-15199', 'value': 1.0}",true,thehumansideofenterprise
ID24,"{'id': '', 'value': 0}",false,newtrendsinlinguisticsanorientation
ID31,"{'id': '', 'value': 0}",false,languageandinformationselectedessaysontheirtheoryandapplication
ID134,"{'id': 'ubk-opac-LY000663374', 'value': 1.0000000000000002}",true,theestablishedandtheoutsiders
ID42,"{'id': 'csa-sa-65B5577', 'value': 0.6077169843236464}",false,acognitivedevelopmentalanalysisofchildrenssexroleconceptsandattitudes
ID146,"{'id': 'wzb-bib-61857', 'value': 0.74260328119699848}",true,thehumanorganizationnewyorkmcgrawhill
ID5,"{'id': 'ubk-opac-LN001445026', 'value': 0.99999999999999978}",true,thehumanorganization
ID40,"{'id': '', 'value': 0}",false,robotsmenandmindspsychologyinthemodernworld
ID106,"{'id': 'csa-pais-1967-4022', 'value': 0.59444694299252876}",false,theusesoflinguisticsintheschools
ID4,"{'id': 'fes-bib-16913', 'value': 0.99999999999999989}",true,formandcontentinindustrialdemocracy
ID160,"{'id': 'ubk-opac-LY000492785', 'value': 0.73859564166438452}",true,organizationdevelopmentstrategiesandmodels
ID186,"{'id': 'csa-sa-73G2846', 'value': 0.58323833856462959}",false,linguisticprospectsintheunitedstates
ID73,"{'id': 'csa-pais-1970-8870', 'value': 0.67453642413428172}",false,linguisticsandlanguageteachingintheunitedstates19401960
ID62,"{'id': 'wzb-bib-93491', 'value': 0.72962299039226142}",true,existencerelatednessandgrowthhumanneedsinorganizationalsettings
ID49,"{'id': 'wzb-bib-61945', 'value': 0.69387489521316514}",false,dielogikdersozialwissenschaften
ID59,"{'id': 'bszbw-wao-046496556', 'value': 1.0000000000000002}",true,competitionandentrepreneurship
ID38,"{'id': 'csa-sa-77I7505', 'value': 0.97484053559438455}",true,sexrolesandinterpersonalbehaviorintaskorientatedgroups
ID28,"{'id': 'csa-sa-74G6351', 'value': 0.6433039112071065}",false,thesummerinstituteoflinguisticsitsworksandcontributions
ID64,"{'id': 'csa-sa-80K5527', 'value': 1.0}",true,theeffectsofthesexcompositionofgroupsonstyleofsocialinteraction
ID210,"{'id': 'bszbw-wao-386636672', 'value': 0.65236601787593185}",false,europeancitizenship
ID77,"{'id': 'fes-bib-718290', 'value': 0.7500872406802499}",true,ausgangspunktemeineintellektuelleentwicklung
ID54,"{'id': 'csa-sa-82M3962', 'value': 1.0}",true,statusorganizingprocesses
ID21,"{'id': 'csa-sa-81c00024', 'value': 0.66568548094157243}",false,stressundstressbewaltigungeinparadigma
ID97,"{'id': 'wzb-bib-64910', 'value': 0.92926509682646774}",true,dieeinubungdestatsachenblickszurstrukturundveranderungempirischersozialforschung
ID200,"{'id': 'csa-pais-1983-0023521', 'value': 1.0}",true,umrisszueinermethodologiequalitativersozialforschung
ID32,"{'id': 'csa-sa-83M7807', 'value': 0.76959142374472811}",true,aculturalapproachtomalefemalemiscommunication
ID194,"{'id': 'bszbw-wao-389326712', 'value': 0.71025768424497471}",true,violenceandsport
ID155,"{'id': 'csa-pais-1983-2002670', 'value': 0.71263815957737475}",true,effectsofindividualdifferencesondyadicconversationalstrategies
ID191,"{'id': 'csa-ps-8201096', 'value': 0.7312398857860144}",true,sexbiasinworksettingsthelackoffitmodel
ID29,"{'id': 'fis-bildung-33152', 'value': 0.78043121789923986}",true,entzaubertewissenschaftzurrelativitatundgeltungsoziologischerforschung
ID68,"{'id': 'fis-bildung-33152', 'value': 0.78043121789923986}",true,entzaubertewissenschaftzurrelativitatundgeltungsoziologischerforschung
ID55,"{'id': 'csa-pais-1986-1601562', 'value': 0.61323055145887118}",false,womenmenandlanguageasociolinguisticaccountofsexdifferencesinlanguage
ID133,"{'id': 'csa-ps-193800', 'value': 0.99999999999999978}",true,expectationslegitimationanddominancebehaviorintaskgroups
ID157,"{'id': 'wzb-bib-49848', 'value': 1.0}",true,communicationandpersuasioncentralandperipheralroutestoattitudechange
ID127,"{'id': 'gesis-solis-00169146', 'value': 0.74046145406157493}",true,keepingitinthefamilysocialnetworksandemploymentchance
ID60,"{'id': 'csa-assia-8751574', 'value': 0.69093133770907866}",false,artemisageingexerciseandthefemalebodyonvideo
ID35,"{'id': 'wzb-bib-83113', 'value': 0.76399274701224995}",true,obesityandkneeosteoarthritistheframinghamstudy
ID0,"{'id': 'csa-sa-89U5720', 'value': 0.72308349933704275}",true,erkenntnistheoretischegrundsatzeinterpretativersozialforschunginderperspektiveeinespsychoanalytischreflektiertenselbstundfremdverstehens
ID112,"{'id': 'fis-bildung-219485', 'value': 0.76762633548137971}",true,processconsultationitsroleinorganizationdevelopment
ID161,"{'id': 'csa-pei-4967163', 'value': 0.74883267089018268}",true,experimentalstudiesofturntakingbehavior
ID94,"{'id': 'csa-pei-10093240', 'value': 1.0}",true,astabilometrictechniqueforevaluationoflowerlimbinstabilities
ID168,"{'id': 'csa-assia-8952372', 'value': 1.0}",true,genderdifferencesininteractionstyleandinfluence
ID120,"{'id': 'bszbw-wao-019068719', 'value': 0.73501991035565772}",true,dasnaheunddasferneeineautobiographieingesprachen
ID9,"{'id': 'csa-sa-89U9860', 'value': 0.74672469597735169}",true,unmanageablerevolutionarieswomenandirishnationalism
ID181,"{'id': 'csa-sa-89U9860', 'value': 0.74672469597735169}",true,unmanageablerevolutionarieswomenandirishnationalism
ID152,"{'id': 'ubk-opac-LY000039092', 'value': 1.0}",true,primetimefamilies
ID225,"{'id': 'bszbw-wao-407115978', 'value': 0.66520617742308763}",false,factorsassociatedwithrepeatedadherencetobreastcancerscreening
ID219,"{'id': 'fis-bildung-163524', 'value': 0.75046755809113641}",true,genderandconversationaldynamics
ID12,"{'id': 'csa-ps-234574', 'value': 0.69295301580214141}",false,posturalswayfollowinginversionsprainoftheankle
ID220,"{'id': 'gesis-ssoar-965', 'value': 0.88284899257511829}",true,wissenschaftstheoriefurpsychologeneineeinfuhrung
ID204,"{'id': 'gesis-ssoar-965', 'value': 0.88284899257511829}",true,wissenschaftstheoriefurpsychologeneineeinfuhrung
ID3,"{'id': 'csa-ps-237472', 'value': 0.66767288761230292}",false,strategicresponsestoinstitutionalprocesses
ID203,"{'id': 'csa-pei-4985409', 'value': 0.74741627986426107}",true,culturaldiversitysimpactongroupprocessesandperformancecomparingculturallyhomogeneousandculturallydiverseworkgroupsengagedinproblemsolvingtasks
ID145,"{'id': 'csa-sa-92Y8197', 'value': 1.0}",true,footballviolenceinitaly
ID93,"{'id': 'gesis-ssoar-3730', 'value': 1.0}",true,stationendesqualitativenforschungsprozesses
ID173,"{'id': 'csa-pei-5002256', 'value': 0.71501105440507073}",true,thepsychologyofphysicalactivity
ID30,"{'id': 'csa-pei-5002256', 'value': 0.71501105440507073}",true,thepsychologyofphysicalactivity
ID33,"{'id': 'bszbw-wao-031750516', 'value': 0.61213934904727085}",false,vorwort
ID37,"{'id': 'csa-sa-93Z6784', 'value': 1.0}",true,vomneuanfangzurdisziplinuberlegungenzurdeutschsprachigenqualitativensozialforschunganlasslicheinigerneuerlehrbucher
ID45,"{'id': 'gesis-solis-00160651', 'value': 0.80175871862889025}",true,dashalbstrukturierteleitfadenorientiertetiefeninterviewtheorieundpraxisdermethodeambeispielvonpaarinterviews
ID47,"{'id': 'csa-sa-93Z6784', 'value': 1.0}",true,vomneuanfangzurdisziplinuberlegungenzurdeutschsprachigenqualitativensozialforschunganlasslicheinigerneuerlehrbucher
ID99,"{'id': '', 'value': 0}",false,allieddunbarnationalfitnesssurvey
ID174,"{'id': 'fes-bib-736007', 'value': 1.0000000000000002}",true,thephilosophyofthelimit
ID65,"{'id': 'csa-sa-92Z2630', 'value': 0.99999999999999978}",true,ageexperienceandschoolingdecomposingearningsinequalityintheunitedstatesandbrazil
ID153,"{'id': 'csa-assia-9232704', 'value': 0.96220879002229986}",true,genderandevaluationofleadersametaanalysis
ID79,"{'id': 'bszbw-wao-388965800', 'value': 0.7205291743597001}",true,jugendarbeitslosigkeitundlokaleidentitat
ID87,"{'id': 'bszbw-wao-388965800', 'value': 0.7205291743597001}",true,jugendarbeitslosigkeitundlokaleidentitat
ID192,"{'id': 'fes-bib-471070', 'value': 0.71596568645032665}",true,privatescreenings
ID214,"{'id': 'fis-bildung-221930', 'value': 0.77177937904595084}",true,thedangerousedgethepsychologyofexcitement
ID158,"{'id': 'csa-pais-1992-0906205', 'value': 1.0000000000000002}",true,comparableworththeoriesandevidence
ID206,"{'id': 'csa-ps-9304464', 'value': 0.93317237923034657}",true,modernisingwomengenderandsocialchangeinthemiddleeast
ID216,"{'id': 'fis-bildung-323252', 'value': 0.75689602841219228}",true,theuseofrapespecificempathyinductiononrapeeducationforcollegemenatheoreticalandempiricalexamination
ID18,"{'id': 'csa-ssa-199400404', 'value': 1.0000000000000002}",true,developmentalissuesinstepfamiliesresearchprojectfamilyrelationshipsandparentchildinteractions
ID180,"{'id': 'fis-bildung-506678', 'value': 0.62015480477780582}",false,wiediegruppelaufenlerntanregungenzumplanenundleitenvongruppen
ID98,"{'id': 'csa-assia-15444', 'value': 0.69979214698551073}",false,taskcuesdominancecuesandinfluenceinsmallgroups
ID128,"{'id': '', 'value': 0}",false,theologyandsocialtheorybeyondsecularreason
ID190,"{'id': 'csa-sa-92Z3119', 'value': 0.64075193077661619}",false,vivawomenandpopularprotestinlatinamerica
ID43,"{'id': 'springer-soj-193593297', 'value': 0.7739159326511561}",true,generativesemanticssecrethandshakesanarchynotesandtheimplosionofethos
ID132,"{'id': 'wzb-bib-99116', 'value': 1.0000000000000002}",true,democracyanddecisionthepuretheoryofelectoralpreference
ID51,"{'id': 'csa-pei-5014923', 'value': 0.75735291828711193}",true,generalizedosteoarthritisassociatedwithincreasedinsulinlikegrowthfactortypesiandiiandtransforminggrowthfactorincorticalbonefromtheiliaccrestpossiblemechanismofincreasedbonedensityandprotectionagainstosteoporosis
ID57,"{'id': 'csa-pais-1992-0606970', 'value': 0.73205486142265153}",true,phanomenologiederdifferenzreflexionsstufenethnographischerreprasentation
ID137,"{'id': 'csa-ssa-199200225', 'value': 0.75497998615730644}",true,negotiationreadingsexercisesandcases
ID189,"{'id': 'csa-sa-9402813', 'value': 0.57306151385471937}",false,fragenzurdialogischenanthropologie
ID205,"{'id': 'gesis-solis-00405843', 'value': 0.74416738719454523}",true,textzwischenmimesisundwelterzeugungfragendergeltungsbegrundungtextualisiertersozialwissenschaft
ID85,"{'id': 'csa-sa-9500096', 'value': 0.70349750968480529}",true,scienceofcoercioncommunicationresearchandpsychologicalwarfare19451960
ID149,"{'id': 'csa-ps-254889', 'value': 0.75603708522435731}",true,physicalexerciseandreducedriskofbreastcancerinyoungwomen
ID201,"{'id': 'dzi-solit-0070240', 'value': 0.61414787089524081}",false,diebedeutungdersauglingsbeobachtungfurdiepsychoanalyseambeispielvondsterndielebenserfahrungdessauglings
ID10,"{'id': 'csa-ps-254889', 'value': 0.75603708522435731}",true,physicalexerciseandreducedriskofbreastcancerinyoungwomen
ID96,"{'id': 'csa-sa-9401542', 'value': 0.76200744736728643}",true,thesaleskifamilyandthefoundingofthelsalinguisticinstitutes
ID50,"{'id': 'gesis-solis-00193121', 'value': 0.99999999999999978}",true,dieforschunguberkunstlicheintelligenzundihresanduhrformigeentwicklungsdynamik
ID102,"{'id': 'csa-assia-56049', 'value': 1.0000000000000002}",true,outlineofapracticaltheoryoffootballviolence
ID41,"{'id': 'bszbw-wao-033708185', 'value': 0.7932578746219825}",true,rethinkingpsychology
ID141,"{'id': 'fis-bildung-298498', 'value': 0.78105881647146902}",true,combinedkneeloadingstatesthatgeneratehighanteriorcruciateligamentforces
ID148,"{'id': 'csa-assia-58385', 'value': 1.0000000000000002}",true,sexualsensationseekingandsexualcompulsivityscalesreliabilityvalidityandpredictinghivriskbehaviour
ID187,"{'id': 'csa-sa-96c02792', 'value': 0.99999999999999978}",true,unioncitizenshippieinthesky
ID163,"{'id': 'gesis-solis-00182483', 'value': 0.68405171481360583}",false,doeseuropeneedaconstitutionreflectionsondemostelosandthegermanmaastrichtdecision
ID188,"{'id': 'csa-assia-49258', 'value': 0.65338799064401765}",false,thesearchconferencesanfranciscojosseybass
ID184,"{'id': 'csa-pais-1996-1208930', 'value': 0.71445483322322167}",true,movingtowardsactivelivingunderstandingthecontextualnatureofbarrierstophysicalactivity
ID23,"{'id': 'csa-assia-30026', 'value': 0.63463997479615275}",false,thedynamicsofconflictinnorthernirelandpowerconflictandemancipation
ID76,"{'id': '', 'value': 0}",false,enthospitalisierungdiesichtderbetroffenen
ID121,"{'id': 'fes-bib-211366', 'value': 0.64372869981498693}",false,storenfriedsubjektivitatalssymptomundmethodeunsererzeit
ID25,"{'id': 'csa-sa-95a103928', 'value': 0.74437080744482353}",true,hooligansfaktenhintergrundeanalysen
ID150,"{'id': '', 'value': 0}",false,prisonstatisticsenglandandwales1995
ID130,"{'id': 'csa-sa-9707190', 'value': 1.0}",true,twochallengestoeuropeancitizenship
ID82,"{'id': 'csa-sa-9904692', 'value': 1.0}",true,modelsofcitizenshipdefiningeuropeanidentityandcitizenship
ID156,"{'id': 'csa-pais-1995-0702390', 'value': 0.68143059258017113}",false,genderandprotestantisminnorthernireland
ID109,"{'id': '', 'value': 0}",false,participationincolorectalcancerscreening
ID61,"{'id': 'csa-sa-9800448', 'value': 1.0}",true,attitudestowardwomen19701995ametaanalysis
ID207,"{'id': 'csa-ps-281296', 'value': 0.55319588523009811}",false,troublingtheangelswomenlivingwithhivaids
ID162,"{'id': 'gesis-solis-00226971', 'value': 0.64746638544400958}",false,organizingandevaluatinginterfirmnetworksastructurationistperspectiveonnetworkprocessandeffectiveness
ID182,"{'id': 'csa-assia-102082', 'value': 0.80875524248243014}",true,recreationalphysicalactivityandbreastcancerriskamongwomenunderage45years
ID111,"{'id': 'csa-assia-68709', 'value': 0.77786778204226248}",true,predictorsoffaecalbloodscreeningamongoldersocioeconomicallydisadvantagedamericans
ID167,"{'id': 'csa-sa-200711805', 'value': 0.74446329545483947}",true,colorectalcancerasurveyofcommunitybeliefsandbehavioursinvictoria
ID92,"{'id': 'csa-assia-124301', 'value': 0.98945495800391337}",true,metaanalysisofgendereffectsonconversationalinterruptionwhowhatwhenwhereandhow
ID117,"{'id': 'csa-pais-2000-0504330', 'value': 1.0}",true,thegrowtheffectsofsportfranchisesstadiaandarenas
ID34,"{'id': 'csa-sa-2000a00938', 'value': 0.72073292542163014}",true,cuestionariovihsidayjvenesdeandalucafactoresasociadosalaprevencindelatransmisinsexual
ID221,"{'id': 'csa-sa-200012778', 'value': 0.99999999999999978}",true,thereasonandrhymeofqualitativeresearchwhywhenandhowtousequalitativemethodsinthestudyofadolescenthealth
ID27,"{'id': 'csa-pei-4587168', 'value': 0.96453698277639521}",true,lifetimephysicalactivityandbreastcancerriskamongpostmenopausalwomen
ID193,"{'id': 'csa-sa-9916234', 'value': 0.99999999999999989}",true,genderandconversationalstyleaspredictorsofconversationalbehavior
ID81,"{'id': '', 'value': 0}",false,thepreventionearlydetectionandmanagementofcolorectalcancer
ID19,"{'id': 'csa-assia-129997', 'value': 0.59049577403256581}",false,tellingpeopleaboutscreeningprogrammesandscreeningtestresultshowcanwedobetter
ID44,"{'id': 'csa-assia-151359', 'value': 0.99999999999999978}",true,towardapsychologyofpositiveyouthdevelopment
ID118,"{'id': 'csa-pei-5080258', 'value': 0.60152496794270793}",false,firstnationsschoolschallengingandrewardingplacestoteach
ID165,"{'id': 'csa-ps-9801828', 'value': 0.75844218723588486}",true,morethepoliticsofeconomicgrowthinpostwaramerica
ID74,"{'id': 'springer-soj-197654533', 'value': 0.99999999999999989}",true,whogivesforeignaidtowhomandwhy
ID177,"{'id': 'csa-assia-166565', 'value': 1.0}",true,explaininglevelsofwithingroupwageinequalityinuslabormarkets
ID72,"{'id': 'fis-bildung-505384', 'value': 0.75430406830386043}",true,leptin
ID154,"{'id': 'csa-pais-1999-0606840', 'value': 0.61161882068615248}",false,nestedoldandnewcitizenshipsintheeuropeanunionbringingforththecomplexitycolumbiajournalofeuropeanlaw
ID100,"{'id': 'csa-sa-9914701', 'value': 0.61668410551807851}",false,nestedoldandnewcitizenshipsintheeuropeanunionbringingforththecomplexity
ID80,"{'id': 'csa-assia-152451', 'value': 0.71517532246368276}",true,predictorsofattendanceintheunitedkingdomflexiblesigmoidoscopyscreeningtrial
ID83,"{'id': 'csa-assia-126783', 'value': 0.64768489014996211}",false,thereisnowaytoprepareforthisteachinginfirstnationsschoolsinnorthernontarioissuesandconcerns
ID84,"{'id': 'csa-assia-137314', 'value': 0.69672233315137233}",false,violnciaentretorcidasorganizadasdefutebol
ID14,"{'id': 'csa-pei-5076184', 'value': 0.70520542739664083}",true,sportandviolence
ID26,"{'id': 'bszbw-wao-388045728', 'value': 0.65390122041012189}",false,lobbyingbyethnicgroupsandaidallocation
ID78,"{'id': 'csa-assia-148492', 'value': 0.66060831924076102}",false,oldeconomyinputsforneweconomyoutcomesclusterformationinthenewsiliconvalleys
ID89,"{'id': 'csa-pei-14936993', 'value': 1.0}",true,thehormoneresistinlinksobesitytodiabetes
ID147,"{'id': 'csa-assia-133398', 'value': 0.66496840232507981}",false,alltheragethestoryofgayvisibilityinamerica
ID95,"{'id': 'csa-assia-174015', 'value': 1.0}",true,roleconflictandroleoverloaddifferentconceptsdifferentconsequences
ID48,"{'id': 'csa-ps-200300083', 'value': 0.72238876261880003}",true,rethinkingrape
ID129,"{'id': 'csa-assia-177581', 'value': 0.75306376885972437}",true,motorlearningconceptsandapplications
ID196,"{'id': 'csa-assia-132215', 'value': 0.7149614460955066}",true,focusgroupsinsocialresearch
ID195,"{'id': 'csa-ps-200222178', 'value': 0.69238743597078167}",false,sexdifferencesincopingbehaviorametaanalyticreviewandanexaminationofrelativecoping
ID17,"{'id': 'csa-assia-168693', 'value': 0.76652892844284926}",true,psychologicaladjustmentsubstanceusehivknowledgeandriskysexualbehaviourinatriskminorityfemalesdevelopmentaldifferencesduringadolescence
ID138,"{'id': 'csa-sa-200307292', 'value': 0.84308181314397868}",true,marketandinstitutionaldeterminantsofwageinequalitiesinrussia
ID53,"{'id': 'bszbw-wao-387754784', 'value': 0.73221568032547935}",true,guidelinesfordevelopingrapepreventionandriskreductioninterventions
ID159,"{'id': 'csa-ps-326573', 'value': 0.69948664740463073}",false,usodelprofilcticoentrelajuventudensusrelacionesdecoitovaginalcondomuseamongtheyoungengaginginvaginalintercourse
ID63,"{'id': 'csa-ps-200312012', 'value': 1.0}",true,thedeterminantsofaidallocationbyregionalmultilateraldevelopmentbanksandunitednationsagencies
ID15,"{'id': 'csa-ps-200212854', 'value': 0.58335003000464247}",false,themechanismsofwageformationintherussianmanufacturingsector
ID209,"{'id': 'csa-assia-246947', 'value': 1.0}",true,thesexualsensationseekingscalereliabilityandvaliditywithinaheterosexualcollegestudentsample
ID123,"{'id': 'csa-assia-217582', 'value': 0.76073431450497386}",true,situacinactualdelvihsidaeneuropaanlisisdelasdiferenciasentrepasescurrentstatusofhivaidsineuropeanalysisofdifferencesbetweencountries
ID213,"{'id': 'bszbw-wao-10465922X', 'value': 0.662166449103745}",false,domesticateddadsanddoubleshiftmomsreallifeandideallifein1950sdomesticcomedy
ID110,"{'id': 'gesis-bib-144619', 'value': 0.78283803625247261}",true,theinvisiblehandofsocialcapital
ID46,"{'id': 'csa-assia-265599', 'value': 0.68072475312677483}",false,theeffectofprofessionalsportsonearningsandemploymentintheservicesandretailsectorsinuscities
ID222,"{'id': 'gesis-bib-144619', 'value': 0.78283803625247261}",true,theinvisiblehandofsocialcapital
ID166,"{'id': 'bszbw-wao-390479969', 'value': 0.75895367420996884}",true,reflectionsonthefutureoforganizationdevelopment
ID226,"{'id': 'fis-bildung-615082', 'value': 0.6627000747526306}",false,dilemmasofcontrolmethodologicalimplicationsandreflectionsofforegroundingchildrensperspectivesonviolence
ID171,"{'id': '', 'value': 0}",false,jaarverslagseizoen20022003
ID116,"{'id': 'csa-ps-200212854', 'value': 0.58335003000464247}",false,themechanismsofwageformationintherussianmanufacturingsector
ID104,"{'id': 'csa-ps-200511096', 'value': 0.65599866406223506}",false,stepfamilyrelationshipsdevelopmentdynamicsandinterventions
ID86,"{'id': 'csa-pei-6004847', 'value': 1.0}",true,sagittalplanebiomechanicscannotinjuretheaclduringsidestepcutting
ID144,"{'id': 'csa-assia-215259', 'value': 0.50865685755749535}",false,vakivaltajatyttoyskoulukodissaviolenceandfemininityinreformschools
ID170,"{'id': 'csa-pais-2004-0612420', 'value': 0.72800837656458384}",true,sistemadecodificacinyanlisisdiferencialdelosproblemasdelosadolescentes
ID36,"{'id': 'csa-sa-200501412', 'value': 0.7776237972641119}",true,neoliberalismandthedeathofdemocracy
ID103,"{'id': 'csa-assia-200705198', 'value': 0.50499961878354871}",false,writingnonnaaconsiderationofethicalrepresentationinnarrativeresearch
ID67,"{'id': 'csa-sa-200605303', 'value': 0.75539974806691235}",true,despitegainsinternetnotmajorplayerasnewssource
ID16,"{'id': 'csa-assia-290850', 'value': 1.0}",true,risksforconductdisordersymptomsassociatedwithparentalalcoholisminstepfatherfamiliesversusintactfamiliesfromacommunitysample
ID151,"{'id': 'bszbw-wao-389793647', 'value': 0.74335712458772263}",true,clustersfromtheinsideandoutlocaldynamicsandgloballinkages
ID88,"{'id': '', 'value': 0}",false,its2008doyouknowwhereyourtalentiswhyacquisitionandretentionstrategiesdontwork
ID175,"{'id': '', 'value': 0}",false,onthemeaningsandusesoflaughterinresearch
ID183,"{'id': 'bszbw-wao-107071002', 'value': 0.73220726121657786}",true,rethinkingsocialinquirydiversetoolssharedstandards
ID2,"{'id': 'csa-pais-2004-1002330', 'value': 0.99999999999999978}",true,crudechroniclesindigenouspoliticsmultinationaloilandneoliberalisminecuador
ID20,"{'id': 'csa-ps-200411680', 'value': 0.68099090967370768}",false,themensprogramapeereducationguidetorapeprevention
ID69,"{'id': 'csa-sa-200517432', 'value': 1.0}",true,socialnetworksandemployeeperformanceinacallcenter
ID6,"{'id': 'csa-pei-6701435', 'value': 0.7590156332497725}",true,lettertotheeditorauthorsresponse
ID58,"{'id': 'csa-assia-379404', 'value': 0.70364409658365601}",true,theconnectionbetweengenderandwatermanagement
ID224,"{'id': 'csa-assia-387517', 'value': 0.71968404167151379}",true,thewayitreallyhappenedcompetingnarrativesinthepoliticalprocessoftechnologicalchange
ID56,"{'id': '', 'value': 0}",false,prospectsforforeigndirectinvestmentandstrategiesoftransnationalcorporations20052008
ID8,"{'id': 'iab-litdok-K051104F05', 'value': 0.74038520414878273}",true,trendsinuswageinequalityreassessingtherevisionists
ID75,"{'id': 'csa-pei-6820101', 'value': 1.0}",true,sensoryorganizationdeterminantsofposturalstabilityintrainedballetdancers
ID228,"{'id': 'fes-bib-352391', 'value': 0.60243423972905552}",false,lahinchadadeuniforme
ID70,"{'id': 'fis-bildung-681690', 'value': 0.65591624281604011}",false,mindasmachineahistoryofcognitivescience
ID212,"{'id': 'csa-assia-200612635', 'value': 0.79346543174936668}",true,biologicalsocialandpsychologicalriskfactorsforhivinfection
ID126,"{'id': 'csa-pei-6701435', 'value': 0.7590156332497725}",true,lettertotheeditorauthorsresponse
ID197,"{'id': 'csa-sa-200501148', 'value': 0.63643807434286259}",false,listeningbeyondtheechoesmediaethicsandagencyinanuncertainworld
ID136,"{'id': 'fis-bildung-681690', 'value': 0.65591624281604011}",false,mindasmachineahistoryofcognitivescience
ID105,"{'id': 'csa-sa-200618399', 'value': 0.99999999999999989}",true,punishmentandinequalityinamerica
ID223,"{'id': 'csa-ps-200702420', 'value': 1.0}",true,uspoliticsandworldbankidalending
ID164,"{'id': 'csa-ssa-200703319', 'value': 0.78548095739317669}",true,hivaidsknowledgeandbeliefsamonghaitianadolescents
ID217,"{'id': 'iab-litdok-K060817F35', 'value': 1.0000000000000002}",true,incarcerationlengthemploymentandearnings
ID39,"{'id': 'csa-assia-200610775', 'value': 1.0}",true,perceivedstresscopingandadjustmentinadolescents
ID135,"{'id': 'csa-pais-2007-04937', 'value': 0.99999999999999989}",true,theincreasingselectivityofforeignaid19842003
ID66,"{'id': 'csa-sa-200703323', 'value': 1.0}",true,theleicesterschoolandthestudyoffootballhooliganism
ID22,"{'id': '', 'value': 0}",false,patronsoftherevolutionidealsandinstitutionsinpostwarbehavioralscience
ID113,"{'id': 'csa-sa-201113082', 'value': 0.70715407359524307}",true,complexityandgroupprocesses
ID125,"{'id': 'csa-pei-13523163', 'value': 0.744365434866746}",true,revolutionaryhorizonspastandpresentinbolivianpolitics
ID208,"{'id': 'csa-ps-200827268', 'value': 0.72841785814817928}",true,epidemiologyandmechanismsofaclinjuryinalpineskiing
ID218,"{'id': 'csa-ps-200811804', 'value': 0.7357409961817154}",true,independentactororagentanempiricalanalysisoftheimpactofusinterestsoninternationalmonetaryfundconditions
ID52,"{'id': 'csa-pei-6778449', 'value': 0.71810600631751731}",true,wanteddeadoralivemediaframesframeadoptionandsupportforthewarinafghanistan
ID215,"{'id': 'csa-sa-200805755', 'value': 1.0000000000000002}",true,corporatedemographyandincomeinequality
ID71,"{'id': 'bszbw-wao-28454163X', 'value': 0.64234886663430524}",false,leadershipinclustersacomparisonoffourphotonicsclusters
ID169,"{'id': 'csa-ps-200722584', 'value': 0.75012452341139713}",true,groupdevelopmentandteameffectivenessusingsharedcognitionstomeasuretheimpactofgroupdevelopmentontaskperformanceandgroupviability
ID115,"{'id': 'csa-ps-200827268', 'value': 0.72841785814817928}",true,epidemiologyandmechanismsofaclinjuryinalpineskiing
ID227,"{'id': 'csa-ps-200827268', 'value': 0.72841785814817928}",true,epidemiologyandmechanismsofaclinjuryinalpineskiing
ID7,"{'id': 'fis-bildung-768717', 'value': 0.56579942694427388}",false,thevalueofspanishshiftingideologiesinunitedstateslanguageteaching
ID91,"{'id': 'csa-sa-200902248', 'value': 1.0}",true,menlikeusboyslikethemviolencemasculinityandcollectiveidentityinfootballhooliganism
ID1,"{'id': 'bszbw-wao-390352373', 'value': 0.74058532698731028}",true,pricedispersionandcompetitionwithdifferentialedsellers
ID114,"{'id': 'csa-pais-2007-17425', 'value': 0.47825259560957789}",false,fromjohnnytochomsky
ID179,"{'id': 'csa-assia-200904076', 'value': 0.68882896557858353}",false,beyondfixedversusrandomeffectsaframeworkforimprovingsubstantiveandstatisticalanalysisofpaneltimeseriescrosssectionalandmultileveldata
ID124,"{'id': 'bszbw-wao-390367478', 'value': 0.63835917898673455}",false,laconcesincomoestrategiadeprivatizacin
ID122,"{'id': 'csa-assia-200809453', 'value': 0.7687008284247544}",true,handbookofcriticalandindigenousmethodologies
ID178,"{'id': 'csa-ps-200823235', 'value': 1.0000000000000002}",true,supersizedvotesballotlengthuncertaintyandchoiceindirectlegislationelections
ID108,"{'id': 'csa-sa-200907781', 'value': 0.95442483955292379}",true,conversationalprofilesatoolforalteringtheconversationalpatternofchangemanagers
ID176,"{'id': 'csa-ssa-200803506', 'value': 0.66451964608847369}",false,aperspectiveofcollectiveconsciousnessofbusinessorganizations
ID185,"{'id': 'csa-pei-8300566', 'value': 1.0}",true,noncontactaclinjuriesinfemaleathletesaninternationalolympiccommitteecurrentconceptsstatement
ID199,"{'id': 'csa-sa-200900241', 'value': 0.70222658604792632}",true,developmentaidandinternationalpoliticsdoesmembershipontheunsecuritycouncilinfluenceworldbankdecisions
ID211,"{'id': 'gesis-solis-00573207', 'value': 0.73310543649233206}",true,extremeobesityduetoimpairedleptinsignalinginmicedoesnotcausekneeosteoarthritis
ID107,"{'id': 'csa-ps-200913912', 'value': 1.0000000000000002}",true,tacticalinnovationdemocraticgovernanceandmixedmotivespopularmovementresilienceinperuandecuador
ID229,"{'id': 'csa-pais-2008-300156', 'value': 0.72576274565174614}",true,oilandgastheelusivewealthbeneaththeirfeet
ID140,"{'id': 'csa-pais-2010-593123', 'value': 1.0}",true,thepoliticsofeffectiveforeignaid
